# The pairing code of STACK.md §4.6, as cases both ends have to produce.
#
# The code is a digest over both public keys, which is what makes reading it aloud worth
# anything: somebody standing in the middle holds a different key on each side, so the two
# screens disagree and a person sees it. That only works if the two implementations derive
# it identically, and two readings of one paragraph is not a guarantee of that.
#
# Keys are hexadecimal. Columns, tab separated: name, desktop key, phone key, the code.
name	desktop_key	phone_key	code
two short keys	6465736b746f70	70686f6e65	545858
the same bytes on both sides	73616d65	73616d65	773161
swapped, which must differ	70686f6e65	6465736b746f70	523170
empty desktop key		70686f6e65	204564
a realistic P-256 SubjectPublicKeyInfo pair	000102030405060708090a0b0c0d0e0f101112131415161718191a1b1c1d1e1f202122232425262728292a2b2c2d2e2f303132333435363738393a3b3c3d3e3f404142434445464748494a4b4c4d4e4f505152535455565758595a	6465666768696a6b6c6d6e6f707172737475767778797a7b7c7d7e7f808182838485868788898a8b8c8d8e8f909192939495969798999a9b9c9d9e9fa0a1a2a3a4a5a6a7a8a9aaabacadaeafb0b1b2b3b4b5b6b7b8b9babbbcbdbe	204514
